episode,reward,crashed,length
1,2.84437240578972,1,5
2,21.248110855569003,0,30
3,9.091131550514069,1,13
4,25.08189136501506,1,28
5,3.9572063683176055,1,5
6,14.621604243297377,1,21
7,16.846306673754558,1,20
8,11.55856054637227,1,13
9,1.9583725634928275,1,3
10,6.12965895951264,1,9
11,1.9602091714909529,1,3
12,2.5682892715232106,1,4
13,3.754707248874702,1,5
14,1.5982070401394535,1,3
15,17.696495478641417,1,23
16,16.121384714795006,1,20
17,15.613422616152302,1,22
18,12.129703129022325,1,17
19,10.199638813077941,1,12
20,6.160643945267552,1,8
21,6.823027931230133,1,10
22,8.591996911249582,1,10
23,1.7649228101313175,1,3
24,9.359254852498857,1,13
25,21.60761283164155,0,30
26,4.293353971782731,1,7
27,23.382528331937635,0,30
28,4.4759851695365285,1,6
29,8.17969614736433,1,12
30,9.601675701578566,1,12
31,1.602272727272727,1,3
32,7.382694208074453,1,11
33,13.386776857836848,1,18
34,14.057874745758639,1,19
35,1.925144218813404,1,3
36,6.190859152726834,1,8
37,4.790702039089065,1,6
38,15.412292944312414,1,20
39,4.639689771062186,1,7
40,9.157652478878372,1,11
41,2.9573710298187494,1,4
42,5.207016582623725,1,8
43,14.149507080847986,1,19
44,2.401190587607902,1,4
45,20.40107430623146,1,29
46,10.408724638793338,1,13
47,7.211305006400463,1,10
48,22.08862707482605,0,30
49,5.888681868721731,1,9
50,21.88009836553496,0,30
51,17.763253058650438,1,26
52,12.284177635091622,1,16
53,16.60840037537327,1,19
54,21.69584474364209,0,30
55,20.74439318836118,0,30
56,1.7649228101313175,1,3
57,5.362951500861982,1,7
58,6.193956784008504,1,7
59,4.1965024691176644,1,6
60,1.7649228101313175,1,3
61,16.16597539423031,1,20
62,6.139777483016624,1,9
63,7.399350043055848,1,10
64,12.705460479135574,1,18
65,7.731733328726546,1,11
66,4.409271380522973,1,7
67,0.8496688366553268,1,2
68,5.475956188347939,1,7
69,8.770334314000143,1,12
70,9.953975875061282,1,11
71,6.756617425672542,1,8
72,5.199291611129861,1,7
73,5.99761533520589,1,8
74,9.856338360128914,1,14
75,2.9592167598122607,1,4
76,15.55157572828076,1,21
77,18.35750914534078,1,22
78,7.483547859602761,1,10
79,3.5284090909090904,1,6
80,5.999403440997081,1,8
81,17.4963303309142,1,23
82,8.27974581173466,1,11
83,0.9182360421533567,1,2
84,21.84161042388428,0,30
85,1.9583725634928275,1,3
86,5.1705570462517825,1,7
87,24.30051004329811,0,30
88,12.808029601747032,1,16
89,14.837406556956031,1,21
90,2.5873703868273883,1,4
91,2.5642135175608773,1,4
92,17.341353088750886,1,24
93,6.524479857513276,1,9
94,0.9850976595546611,1,2
95,1.9602091714909529,1,3
96,4.7922922578570635,1,6
97,5.786316597989357,1,7
98,6.957171472012259,1,8
99,21.08325652824343,1,30
100,1.7953289908768333,1,3
101,2.1625542239715383,1,4
102,4.757953414991336,1,6
103,5.043770373135828,1,6
104,3.9553488764532077,1,5
105,2.727272727272727,1,5
106,3.7923212284615007,1,5
107,8.384324603630061,1,10
108,4.7603241422600355,1,6
109,7.991302065556733,1,9
110,2.7572907203812167,1,4
111,22.716161151087686,1,26
112,13.19290164503829,1,17
113,11.333300870828829,1,15
114,2.1317816832019028,1,4
115,10.509383853528892,1,16
116,5.227582363094736,1,8
117,2.2559148261009225,1,4
118,9.557205963922582,1,11
119,2.5134128889566045,1,4
120,8.527050271938002,1,11
121,4.410983852747346,1,7
122,2.7572668943498306,1,4
123,25.133074583183095,0,30
124,7.897382213316998,1,10
125,1.1985551664893401,1,2
126,12.402677993327092,1,18
127,26.293113931297707,0,30
128,6.593039300644471,1,8
129,16.917928720633626,1,20
130,10.556343555478918,1,12
131,17.42164144285026,1,25
132,2.5660591737676812,1,4
133,17.978324835821436,1,19
134,16.27938996126076,1,19
135,4.414909161802709,1,7
136,13.649589432693528,1,18
137,10.294023780750177,1,14
138,2.957376534134098,1,4
139,6.853632741805377,1,10
140,5.757924433802747,1,7
141,15.003888676727724,1,18
142,21.209329373031856,1,26
143,3.275379417844259,1,4
144,6.302319653353405,1,9
145,15.274933576097146,1,22
146,20.8618689477805,1,27
147,2.647654706664218,1,4
148,10.884703886829115,1,14
149,21.766334321771435,0,30
150,2.596465354513197,1,4
151,4.7565087221514,1,6
152,12.124539417749148,1,15
153,13.660681232059833,1,17
154,1.4547784624645592,1,3
155,7.760349902111476,1,10
156,3.8524091618027088,1,6
157,6.389720608250353,1,8
158,19.976120969322118,1,25
159,4.766201791139587,1,7
160,12.464165033476712,1,18
161,11.358984060366284,1,13
162,10.3915617642961,1,14
163,6.9553128724787605,1,8
164,12.871908574056395,1,19
165,5.756074252808584,1,7
166,12.79170585298447,1,14
167,8.553246306158542,1,10
168,3.1205497226643177,1,4
169,5.36263747139856,1,8
170,23.30286604372326,1,26
171,1.1240078551770405,1,2
172,7.76031819875625,1,9
173,10.39765537685289,1,13
174,4.765961923539771,1,6
175,23.153948176020286,0,30
176,9.92402455315584,1,12
177,4.758483817545757,1,6
178,5.758332142817377,1,7
179,12.555407621365195,1,14
180,2.123508977009134,1,3
181,1.7953289908768333,1,3
182,4.210345606020934,1,6
183,2.9592167598122607,1,4
184,3.7318389751464642,1,6
185,8.917259788193304,1,11
186,7.969462301951023,1,10
187,11.156441269007884,1,13
188,6.802600277066194,1,10
189,12.167890671819503,1,16
190,10.751028683078257,1,12
191,8.967339813955848,1,12
192,11.302666120058362,1,16
193,9.337411125825616,1,13
194,6.205100104015105,1,8
195,1.1240078551770405,1,2
196,12.46000191326012,1,15
197,16.357311741575007,1,20
198,1.9583725634928275,1,3
199,12.088633042306444,1,15
200,9.882838606888164,1,13
201,5.562447965030936,1,7
202,10.612618710700229,1,13
203,12.65600108079343,1,16
204,1.7953289908768333,1,3
205,3.844800478898914,1,5
206,3.9572063683176055,1,5
207,3.5602517817985087,1,5
208,8.756084672456183,1,10
209,6.750273542012093,1,8
210,2.5642135175608773,1,4
211,8.259598903460729,1,12
212,27.647089154482202,0,30
213,10.612529778973544,1,13
214,13.852364802396222,1,16
215,1.7671529078868469,1,3
216,9.15699528500183,1,11
217,1.602272727272727,1,3
218,8.94980532716424,1,10
219,12.589725855680793,1,14
220,4.403210518240707,1,6
221,1.8566638223370147,1,3
222,1.2765543816746459,1,2
223,4.10222849745276,1,6
224,14.190021768639761,1,16
225,15.392963688749163,1,17
226,19.97285180837552,1,23
227,4.598860371876769,1,6
228,22.164355355908064,0,30
229,10.813958783415966,1,14
230,15.303513428460153,1,21
231,8.963848666046257,1,11
232,5.953736734078088,1,7
233,1.9583725634928275,1,3
234,0.9163888583212717,1,2
235,12.575725968943335,1,17
236,0.9660165442504834,1,2
237,8.955312302126181,1,10
238,14.604786720459165,1,17
239,11.163029346181293,1,13
240,7.5521824699847695,1,9
241,1.9583725634928275,1,3
242,4.955310489622915,1,6
243,26.004666030797956,0,30
244,8.76245494640857,1,12
245,10.961779192214442,1,13
246,0.9660165442504834,1,2
247,5.955305517483177,1,7
248,6.19954699230207,1,9
249,5.589596641773364,1,7
250,3.854121707805371,1,6
251,4.408216830705879,1,6
252,7.559011006504155,1,9
253,12.161329505709851,1,15
254,2.3989825583753617,1,4
255,8.376597578588404,1,11
256,12.8976286471533,1,16
257,5.052008060601208,1,7
258,4.687408880673009,1,6
259,1.9583725634928275,1,3
260,3.846618328272155,1,5
261,4.7603241422600355,1,6
262,5.884479929112984,1,8
263,9.207269565334027,1,11
264,4.957168006567855,1,6
265,10.318645846281969,1,13
266,9.799532363061006,1,12
267,17.896889148167354,1,24
268,13.71360862008516,1,20
269,8.523176887265084,1,11
270,25.951113044063725,1,28
271,14.524713311047353,1,18
272,2.6566675217334694,1,4
273,17.617346763983342,1,24
274,6.75435276244491,1,8
275,6.7774383611789855,1,10
276,3.9590471683324666,1,5
277,5.324028096772205,1,8
278,2.9851781656432337,1,4
279,4.5580620909369305,1,6
280,10.783084343682104,1,15
281,11.446328136575456,1,15
282,5.646565269568786,1,8
283,7.106245213252979,1,9
284,8.449270811108011,1,11
285,4.083531168227993,1,6
286,4.959018187143877,1,6
287,8.598853291484124,1,10
288,4.879666352722651,1,6
289,6.816714964209734,1,10
290,3.0505961767749987,1,4
291,6.953487094399372,1,8
292,2.277398577994079,1,3
293,11.760148602207819,1,13
294,5.885171374236293,1,8
295,1.7649228101313175,1,3
296,4.596980806993526,1,6
297,6.920462162590644,1,8
298,25.597460165415274,1,29
299,12.356278861307732,1,15
300,1.7671529078868469,1,3
301,3.204545454545454,1,5
302,5.597529522407721,1,8
303,10.371741301620478,1,14
304,9.208031519538851,1,13
305,1.6000542239715385,1,3
306,13.390645868392612,1,15
307,6.013911946256542,1,9
308,9.55399416497457,1,11
309,12.125621136555814,1,16
310,6.756749039204017,1,8
311,4.001200048477718,1,6
312,5.754495599671414,1,7
313,8.088614124575654,1,10
314,4.408216830705879,1,6
315,4.077189771062187,1,6
316,2.957376534134098,1,4
317,12.156032004204558,1,14
318,11.464700010419008,1,17
319,4.283932321571724,1,6
320,13.095607121640198,1,17
321,6.08217076230122,1,8
322,10.390522158768459,1,12
323,12.046357929393672,1,14
324,10.555363215243608,1,12
325,10.708182797760095,1,13
326,1.6000371704030871,1,3
327,4.990628965697091,1,7
328,5.752673195816506,1,7
329,11.847641524128052,1,15
330,4.523754948641141,1,7
331,8.124617860738422,1,10
332,11.937241997688037,1,15
333,16.451560919649122,1,23
334,14.762246952435314,1,17
335,7.160279927093632,1,9
336,6.590234322043949,1,8
337,12.368774957826256,1,16
338,2.761345535127316,1,4
339,1.9602091714909529,1,3
340,2.761345535127316,1,4
341,23.942448138454854,0,30
342,21.765104325145728,0,30
343,9.15600770189197,1,11
344,10.526144819929065,1,13
345,13.58883116202336,1,19
346,14.411261929195813,1,17
347,13.167511758308779,1,15
348,6.928572080040529,1,10
349,0.9660165442504834,1,2
350,6.955320896188731,1,8
351,5.279460283723998,1,7
352,3.75812300647113,1,5
353,6.15785197307241,1,8
354,24.471645406635673,0,30
355,11.801054120666857,1,14
356,18.749703561776318,1,21
357,4.9529374514556865,1,6
358,4.758337783326942,1,6
359,1.9602091714909529,1,3
360,3.9556185106781476,1,5
361,16.079839549548847,1,20
362,11.006875437906398,1,14
363,6.559469462555556,1,8
364,11.240729516294351,1,14
365,5.853404356961433,1,7
366,9.44497395905976,1,13
367,7.927332075696482,1,11
368,1.9851664053911855,1,3
369,2.7591154181621453,1,4
370,1.9602091714909529,1,3
371,22.914935296476997,0,30
372,24.524486687625867,1,29
373,10.146958927194003,1,14
374,19.086276749830045,1,22
375,9.633704040727416,1,12
376,9.542522365397282,1,14
377,10.596552347674223,1,13
378,14.540073386668064,1,18
379,1.1240078551770405,1,2
380,9.070801990977369,1,10
381,10.71974374432585,1,12
382,7.756452366411376,1,9
383,19.950023970350536,1,28
384,4.287574129692526,1,7
385,9.387842883818937,1,11
386,9.088403525007182,1,12
387,6.849336472960848,1,9
388,19.16067678287806,1,24
389,4.792283781816731,1,6
390,1.9602091714909529,1,3
391,4.404174279287405,1,7
392,13.751182900673228,1,15
393,13.860542909295054,1,19
394,21.923881444460633,1,26
395,4.959018187143877,1,6
396,2.7924868791082558,1,4
397,8.555359042989268,1,10
398,14.080556666182583,1,16
399,13.131616459568855,1,17
400,2.6509266414374983,1,4
401,14.854381571864971,1,17
402,9.345687848082928,1,14
403,3.364932165612759,1,5
404,7.754616023623267,1,9
405,17.333195412527992,1,20
406,2.9592167598122607,1,4
407,6.5576046301275115,1,8
408,7.163762069729614,1,9
409,10.075893377006553,1,14
410,13.935306524260309,1,17
411,2.957376534134098,1,4
412,6.333225125561707,1,9
413,3.890107239200671,1,6
414,1.7649228101313175,1,3
415,9.559434770733347,1,11
416,4.757953414991336,1,6
417,4.571910062888276,1,7
418,4.398358697849817,1,6
419,17.55995097349842,1,20
420,16.91848364619037,1,19
421,9.847280415837146,1,13
422,7.998200499593532,1,10
423,6.883107173963728,1,9
424,2.9205734152135783,1,4
425,6.7888289052318616,1,8
426,8.475059631725218,1,10
427,6.362925963362704,1,8
428,2.1954904485736004,1,3
429,4.1661239766912415,1,6
430,9.952598342836987,1,12
431,21.1506223971796,0,30
432,3.9590471683324666,1,5
433,5.369284200141937,1,8
434,2.7591154181621453,1,4
435,17.571672845342412,1,21
436,4.957177290232426,1,6
437,7.158735644603012,1,9
438,4.959018187143877,1,6
439,1.1985551664893401,1,2
440,2.7572907203812167,1,4
441,4.7922922578570635,1,6
442,9.66745306754324,1,14
443,7.203201139352486,1,9
444,8.923787608624272,1,12
445,8.072671439325259,1,9
446,2.7591154181621453,1,4
447,10.555635448671293,1,12
448,7.3671600070402725,1,9
449,12.151280985065025,1,18
450,1.9602091714909529,1,3
451,5.596261829300657,1,7
452,1.9602091714909529,1,3
453,4.168326355843688,1,6
454,18.962843735156415,1,21
455,24.299223410151708,0,30
456,3.9571975996624404,1,5
457,5.7584694411810275,1,7
458,1.9602091714909529,1,3
459,4.754267052882113,1,6
460,4.166098112246325,1,6
461,1.9602091714909529,1,3
462,9.360196543130703,1,11
463,3.3216279934107895,1,5
464,8.601061442066076,1,10
465,7.400390533670159,1,9
466,4.757953414991336,1,6
467,5.758472655685588,1,7
468,14.794072686481897,1,19
469,4.163881123250575,1,6
470,25.23165403832923,0,30
471,3.9590471683324666,1,5
472,5.2548135362790065,1,8
473,11.367264946732265,1,14
474,11.535626776175427,1,15
475,3.202326951244266,1,5
476,12.953197618587133,1,14
477,8.20451050513784,1,10
478,1.7649228101313175,1,3
479,6.764860780739419,1,9
480,12.014872648304511,1,15
481,6.523232571610133,1,8
482,15.782112614136318,1,20
483,16.616400616228677,1,21
484,6.554758922019684,1,8
485,5.723832274378732,1,7
486,5.6513391085995535,1,7
487,22.556002331060952,1,24
488,6.800676742054362,1,8
489,11.970719662080263,1,16
490,26.052514503029528,1,30
491,18.550337709051906,1,20
492,16.323742617134442,1,20
493,6.805715102711754,1,9
494,12.945449643267372,1,19
495,5.277195052781539,1,6
496,2.957376534134098,1,4
497,9.48619316330439,1,12
498,2.7591154181621453,1,4
499,8.956281953204352,1,11
500,4.786495843418729,1,6
501,2.7572907203812167,1,4
502,2.761345535127316,1,4
503,1.5982070401394535,1,3
504,5.651672401585501,1,8
505,5.955575835265498,1,7
506,5.573863636363636,1,9
507,5.959013234599721,1,7
508,2.7943365791981405,1,4
509,6.596974193916839,1,8
510,7.788346068558313,1,9
511,8.555769030826072,1,10
512,4.6934697429552745,1,7
513,5.40407051743883,1,7
514,11.561318874861687,1,13
515,6.760177733093146,1,8
516,10.599221342621673,1,12
517,1.6503489442209243,1,3
518,2.9592167598122607,1,4
519,1.1211282096181674,1,2
520,3.9572014196905787,1,5
521,2.1954904485736004,1,3
522,1.7649228101313175,1,3
523,1.0508547873237735,1,2
524,3.756283084319424,1,5
525,1.9602091714909529,1,3
526,1.0543947944607421,1,2
527,21.76305361805234,1,24
528,8.759319418948124,1,11
529,9.561894031536186,1,12
530,11.497705324416053,1,16
531,8.760148607276456,1,10
532,3.989439550944213,1,5
533,10.955333010388953,1,12
534,2.123508977009134,1,3
535,8.333432176753357,1,11
536,6.760177733093146,1,8
537,3.5584089870422027,1,5
538,1.7953289908768333,1,3
539,16.201132924353693,1,18
540,1.7649228101313175,1,3
541,14.215236055571864,1,18
542,12.657416992570278,1,16
543,1.7671529078868469,1,3
544,10.53755923413215,1,15
545,3.760353123448624,1,5
546,3.9572063683176055,1,5
547,15.974178501010728,1,20
548,1.6000371704030871,1,3
549,8.207967366092802,1,11
550,7.394089635780557,1,9
551,3.7562824772575865,1,5
552,26.354637427563855,1,28
553,4.050678636337507,1,5
554,5.163303719259424,1,7
555,8.915908854241577,1,10
556,1.7671529078868469,1,3
557,3.9572014196905787,1,5
558,12.138551599244657,1,17
559,13.05463190330579,1,16
560,8.216046502693903,1,12
561,5.277195052781539,1,6
562,20.41016691478513,1,26
563,2.9592167598122607,1,4
564,11.375398189049458,1,16
565,2.7572907203812167,1,4
566,6.959012388268193,1,8
567,7.849304707867236,1,9
568,13.55356647412635,1,15
569,6.9553128724787605,1,8
570,4.75610414980419,1,6
571,27.641855332390985,0,30
572,23.072791867008803,1,24
573,2.9195409641714383,1,4
574,10.998784941216192,1,12
575,6.919918025891463,1,9
576,6.75608566341581,1,8
577,18.457520103300173,1,23
578,1.9583725634928275,1,3
579,2.566053658965085,1,4
580,16.802248884455974,1,19
581,6.763898989348239,1,9
582,2.7572668943498306,1,4
583,3.9572014196905787,1,5
584,10.897957487796452,1,14
585,9.955333011194886,1,11
586,5.959582091701926,1,8
587,4.367166051770688,1,6
588,5.553034574730877,1,7
589,20.89305577956608,1,25
590,8.759291406103834,1,10
591,2.277398577994079,1,3
592,8.05319975299364,1,10
593,12.016994889438116,1,15
594,2.761345535127316,1,4
595,1.5982070401394535,1,3
596,2.853067587644767,1,4
597,7.95717132690188,1,9
598,7.955312708237433,1,9
599,23.726176444088352,0,30
600,10.996853664060652,1,13
601,14.01462683141582,1,19
602,4.2807075946725535,1,6
603,3.9550916435570764,1,5
604,3.922329971258596,1,5
605,4.516531644301874,1,6
606,4.797538891332608,1,7
607,3.9571975996624404,1,5
608,2.9592167598122607,1,4
609,11.121547633303432,1,12
610,3.795990784233742,1,5
611,13.67469880791624,1,16
612,3.9590471683324666,1,5
613,8.768671253731084,1,12
614,9.648705989802306,1,11
615,1.4807360421533566,1,3
616,8.24764575942941,1,11
617,1.2783909896727712,1,2
618,14.37927809727794,1,19
619,10.167516245060039,1,12
620,8.492127507132157,1,12
621,2.566053658965085,1,4
622,9.818916637057477,1,14
623,11.58313937294443,1,16
624,22.614679430995157,1,28
625,8.28371572896178,1,11
626,1.6000371704030871,1,3
627,5.95717232116616,1,7
628,8.393482146505184,1,10
629,1.6000542239715385,1,3
630,3.9571975996624404,1,5
631,14.754215176417471,1,16
632,6.768725255274737,1,9
633,5.084232592308686,1,7
634,5.563014821867666,1,7
635,12.365534045838755,1,14
636,1.6000542239715385,1,3
637,3.756289207298002,1,5
638,0.9850976595546611,1,2
639,8.213690587607902,1,12
640,1.7671529078868469,1,3
641,1.7649228101313175,1,3
642,2.9943962649287283,1,4
643,15.154619225922723,1,17
644,4.170818051325916,1,6
645,1.9602091714909529,1,3
646,2.05230133899174,1,3
647,14.677174254445019,1,16
648,24.55733053986032,1,26
649,6.189126706006775,1,8
650,4.765961923539771,1,6
651,7.367536409783234,1,9
652,10.555753254469101,1,12
653,9.095562468506461,1,13
654,5.300953759485512,1,8
655,3.117534578775725,1,4
656,1.9602091714909529,1,3
657,1.8497902778011344,1,3
658,3.4024166792303987,1,5
659,5.363028044690241,1,8
660,3.76599090472836,1,5
661,10.24538710699303,1,13
662,8.520874360255158,1,11
663,18.91865813520663,1,21
664,19.46125872653942,1,24
665,4.754529114814517,1,6
666,20.32572149291589,1,22
667,9.818314333814739,1,14
668,5.197745670107231,1,7
669,7.362042320991993,1,9
670,11.080498806414703,1,14
671,19.703174201697163,1,24
672,4.601081742925651,1,6
673,6.1570813387559395,1,8
674,4.162743770391238,1,6
675,10.849832744273163,1,14
676,3.724033172245943,1,5
677,4.001601302190288,1,6
678,13.55459481559011,1,15
679,4.403210518240707,1,6
680,12.949776564946703,1,14
681,4.3591802212192725,1,6
682,12.75644891953941,1,14
683,12.141172164742125,1,15
684,3.756283084319424,1,5
685,4.7601835319688295,1,6
686,8.327224681416851,1,12
687,14.966129125116716,1,19
688,10.32463956884236,1,13
689,2.398545842333599,1,4
690,24.368661035567488,0,30
691,1.7649228101313175,1,3
692,20.421034925430295,1,25
693,12.078706004749021,1,14
694,3.8530276932353416,1,5
695,3.9990009167283964,1,6
696,12.375185117659461,1,17
697,11.198581113991617,1,13
698,6.329134710701731,1,8
699,23.781072670364356,1,28
700,20.07715464880433,1,23
701,5.356962854239758,1,7
702,16.61739232181241,1,21
703,7.870438997322982,1,12
704,1.6000542239715385,1,3
705,9.599028205943263,1,12
706,28.557723363577452,0,30
707,11.923453524216779,1,15
708,1.9602091714909529,1,3
709,11.561154194876515,1,13
710,12.257490086336475,1,15
711,26.885801632820737,0,30
712,20.44991558071692,1,24
713,11.581568127890693,1,13
714,12.356496964226395,1,14
715,18.288033436933343,1,26
716,2.401173448340891,1,4
717,16.879219187633836,1,19
718,13.411661597933245,1,16
719,2.9592167598122607,1,4
720,8.937547251163103,1,12
721,24.08750970554185,1,29
722,8.957161897788737,1,10
723,23.84209944445664,1,28
724,12.7178600212738,1,14
725,3.9571975996624404,1,5
726,8.859690418634555,1,12
727,18.2119834234616,1,22
728,1.9602091714909529,1,3
729,3.9590471683324666,1,5
730,22.72618107476122,1,25
731,10.369221935658395,1,12
732,3.6777278727325475,1,5
733,26.130339957957602,0,30
734,13.748666717365625,1,15
735,2.9592167598122607,1,4
736,14.972942109612507,1,18
737,15.289349674877048,1,20
738,14.76359576851444,1,17
739,3.7562824772575865,1,5
740,3.9572063683176055,1,5
741,3.794166987718347,1,5
742,19.091510694442658,1,23
743,7.1623204105542735,1,9
744,4.792288407413923,1,6
745,2.5894223701829255,1,4
746,9.55819284284862,1,11
747,27.802585943485635,0,30
748,15.962948502459648,1,19
749,2.7591154181621453,1,4
750,8.878812640840817,1,11
751,12.078331241984847,1,13
752,4.921288170130098,1,7
753,11.018007170522711,1,14
754,2.9851781656432337,1,4
755,20.47622856292581,1,23
756,8.242697801892838,1,10
757,6.9555764310767,1,8
758,24.00277831270915,1,27
759,8.202126822191511,1,10
760,10.951872972767928,1,12
761,26.849858839402387,0,30
762,5.564005651455719,1,7
763,11.999482824286465,1,14
764,6.591189089838138,1,8
765,6.957171472012259,1,8
766,3.371981874209686,1,5
767,16.94580775933319,1,18
768,7.35588840493485,1,9
769,7.957161939125285,1,9
770,1.9602091714909529,1,3
771,7.608500211609554,1,11
772,9.277256175245071,1,11
773,3.3627494453458615,1,5
774,7.75606833346354,1,9
775,9.173945776110232,1,13
776,5.005208971786092,1,7
777,16.969651809893605,1,21
778,12.163592593072964,1,14
779,9.718741671259828,1,11
780,4.754529114814517,1,6
781,3.7562824772575865,1,5
782,7.568084755351043,1,9
783,3.555800892602484,1,5
784,14.799292515281346,1,17
785,5.955584371225402,1,7
786,15.539406185934629,1,20
787,8.201116674070262,1,10
788,6.074267481597628,1,7
789,5.959013234599721,1,7
790,12.559435336781188,1,14
791,5.7659569709956155,1,7
792,19.40534037090645,1,23
793,13.994704490759512,1,15
794,2.401190587607902,1,4
795,2.9205494986982474,1,4
796,15.048259391412996,1,18
797,2.727272727272727,1,5
798,8.555359144345916,1,10
799,15.949221754212333,1,17
800,11.271654177837709,1,12
801,3.9993397776805026,1,6
802,10.76423890018837,1,14
803,3.0473477652719554,1,5
804,3.9572063683176055,1,5
805,8.299071475192656,1,12
806,11.120035039952047,1,13
807,2.9592167598122607,1,4
808,1.9602091714909529,1,3
809,20.303562739909044,1,26
810,6.399047308985499,1,9
811,2.9592167598122607,1,4
812,13.350844903671508,1,15
813,14.082120610072563,1,16
814,3.6081347798073793,1,6
815,3.1960055915262915,1,5
816,3.920472266188321,1,5
817,5.273766189407221,1,6
818,11.193952163748895,1,12
819,8.804578244252683,1,11
820,4.759309594801101,1,6
821,1.9875621172107356,1,3
822,5.451905508059947,1,8
823,15.55645810160613,1,17
824,8.552990719744512,1,10
825,10.971035877638133,1,14
826,4.39175232818404,1,6
827,9.444596600161603,1,12
828,1.5974290027069835,1,3
829,3.73181885359576,1,6
830,1.7649228101313175,1,3
831,7.55642898359754,1,9
832,2.5634323146893294,1,4
833,1.6512179389289674,1,3
834,11.63958182214434,1,13
835,10.749987610508335,1,12
836,1.9602091714909529,1,3
837,15.786240203676835,1,18
838,21.908182996285248,1,27
839,6.551160535788833,1,8
840,12.39231479654851,1,14
841,4.9857209991448395,1,6
842,14.85151270913369,1,20
843,15.792681769348539,1,17
844,14.962463376133645,1,17
845,2.3989825583753617,1,4
846,11.472264728258018,1,14
847,6.957162188088722,1,8
848,19.74965140306849,1,26
849,13.646630029169753,1,15
850,25.576696736222548,0,30
851,9.957604410119231,1,12
852,3.9572014196905787,1,5
853,18.71693556393562,1,22
854,3.1974341658038417,1,5
855,14.613203025754267,1,19
856,1.602272727272727,1,3
857,2.9592167598122607,1,4
858,6.361544514601248,1,8
859,20.558635765824988,1,23
860,2.7936753892562627,1,4
861,8.130511197637867,1,12
862,21.001332585501718,1,24
863,9.798643935180724,1,12
864,3.9571975996624404,1,5
865,23.514655097990456,1,26
866,6.557205120753299,1,8
867,6.957171472012259,1,8
868,16.270961035896097,1,18
869,3.555800892602484,1,5
870,8.95162531189117,1,10
871,4.593073234377216,1,6
872,6.367376350563206,1,8
873,10.128074087286375,1,14
874,13.363309880284831,1,16
875,0.9850976595546611,1,2
876,4.800519275954037,1,7
877,9.642444436629688,1,12
878,7.784361262525482,1,9
879,20.337440298247174,1,26
880,16.33520153249816,1,21
881,4.955315710453062,1,6
882,0.9660165442504834,1,2
883,4.55663250881008,1,6
884,5.959013234599721,1,7
885,2.5634323146893294,1,4
886,7.045012804349681,1,10
887,9.559449843359056,1,11
888,24.10649947956905,0,30
889,5.955323106577845,1,7
890,4.554799380217508,1,6
891,11.202511077869381,1,15
892,4.955331902854784,1,6
893,6.275343904944864,1,7
894,11.650627981646778,1,14
895,6.9571666396087695,1,8
896,1.9602091714909529,1,3
897,16.14579462453661,1,18
898,8.955316528306675,1,10
899,2.398545842333599,1,4
900,2.9592167598122607,1,4
901,4.756119597166153,1,6
902,4.123409155965986,1,5
903,15.27719403201263,1,16
904,8.159504697915313,1,10
905,10.47676220518795,1,13
906,5.9892971275011995,1,7
907,6.244765325929351,1,9
908,6.795313816804442,1,9
909,3.1186827874470606,1,4
910,1.9602091714909529,1,3
911,14.930601247368225,1,18
912,21.715251650871693,0,30
913,3.9571975996624404,1,5
914,7.6496791118405305,1,9
915,10.092152749677922,1,14
916,14.553885925424343,1,16
917,11.395575953202625,1,13
918,11.697837874394702,1,15
919,3.448288286984536,1,5
920,6.008229212840244,1,8
921,20.410340997452717,1,24
922,11.688010781644689,1,14
923,3.9572063683176055,1,5
924,12.180342840540687,1,16
925,2.9875924206988147,1,4
926,9.994241743011377,1,11
927,4.157972942834504,1,6
928,20.360571000467473,1,22
929,1.2765543816746459,1,2
930,9.955311962845272,1,11
931,1.9583725634928275,1,3
932,15.965550431062432,1,18
933,15.921634402584633,1,17
934,7.998846818007041,1,10
935,5.959013234599721,1,7
936,12.321520872048538,1,14
937,8.794132038310732,1,10
938,7.752655953300474,1,9
939,2.398545842333599,1,4
940,20.06699046289387,1,21
941,10.965856208763405,1,13
942,1.5974290027069835,1,3
943,21.393756404053054,1,27
944,18.56863779129669,1,21
945,8.953477903769803,1,10
946,7.374007588321307,1,11
947,14.403107525097427,1,18
948,10.206138689240273,1,13
949,9.400358658522336,1,11
950,6.618265251761903,1,9
951,9.392698649035525,1,11
952,2.9592167598122607,1,4
953,8.959012218924851,1,10
954,3.1205497226643177,1,4
955,4.921255890613636,1,7
956,22.769722285713932,1,27
957,6.987594073240019,1,8
958,1.9602091714909529,1,3
959,6.360386614386252,1,8
960,17.055621224183444,1,21
961,1.9583725634928275,1,3
962,1.9602091714909529,1,3
963,7.794132063025972,1,9
964,9.485123302998014,1,13
965,1.1985551664893401,1,2
966,3.9571975996624404,1,5
967,8.072416549303862,1,9
968,9.655843564999161,1,14
969,9.758308510656796,1,11
970,1.9583725634928275,1,3
971,1.1211282096181674,1,2
972,9.258493357601884,1,12
973,21.524133280859584,1,24
974,1.9602091714909529,1,3
975,2.9592167598122607,1,4
976,5.756090615959968,1,7
977,6.113336869226103,1,8
978,10.953197640422792,1,12
979,12.561483513776249,1,14
980,8.752627615963075,1,10
981,9.38955818745315,1,11
982,11.05226289914109,1,12
983,5.121560917698454,1,6
984,1.9602091714909529,1,3
985,4.55663250881008,1,6
986,4.957168006567855,1,6
987,10.20569082855375,1,12
988,8.59874896594921,1,10
989,21.83410561128966,0,30
990,4.957168006567855,1,6
991,18.754597340351147,1,20
992,1.9583725634928275,1,3
993,2.9592167598122607,1,4
994,7.794132063025972,1,9
995,8.157914802734181,1,10
996,13.008037348484056,1,15
997,19.784616755567313,1,21
998,5.646565269568786,1,8
999,1.9602091714909529,1,3
1000,5.277195052781539,1,6
1001,6.986204188802999,1,9
1002,15.279292079038026,1,22
1003,3.99862939649413,1,6
1004,13.288633988610135,1,17
1005,6.786314941487912,1,8
1006,10.08516475648995,1,13
1007,13.957161889083745,1,15
1008,4.756230625319993,1,6
1009,10.080279984207385,1,12
1010,2.957376534134098,1,4
1011,6.953726500007171,1,8
1012,2.279247184525165,1,4
1013,7.788841773800123,1,9
1014,7.484603482451099,1,11
1015,10.753696518894326,1,13
1016,3.9556112295059234,1,5
1017,5.120532838224437,1,6
1018,4.996961220022076,1,6
1019,1.9602091714909529,1,3
1020,4.356943861490625,1,6
1021,3.7648269512442654,1,6
1022,7.124766078801752,1,9
1023,11.560971520689659,1,15
1024,7.927414802268866,1,11
1025,10.11231385154725,1,11
1026,1.1962425239963657,1,2
1027,19.946313695255704,1,21
1028,11.597371395030477,1,13
1029,12.441753831075117,1,16
1030,13.356455106212268,1,15
1031,8.608095900850465,1,11
1032,4.957177290232426,1,6
1033,8.951863937308103,1,10
1034,4.412791328547638,1,7
1035,1.9583725634928275,1,3
1036,12.757483942352552,1,16
1037,4.9984363414256086,1,7
1038,7.157087780416757,1,9
1039,6.587632124320879,1,8
1040,1.9583725634928275,1,3
1041,7.995712402461663,1,11
1042,14.793462704584144,1,17
1043,25.455648004987346,0,30
1044,8.563028408852075,1,10
1045,3.9572014196905787,1,5
1046,6.955321879314711,1,8
1047,20.749536544378756,1,23
1048,8.355708729849487,1,10
1049,11.987218554808173,1,14
1050,9.044016489494657,1,10
1051,1.9602091714909529,1,3
1052,5.761354752160322,1,8
1053,13.95505533278569,1,16
1054,8.25514956563306,1,12
1055,1.7649228101313175,1,3
1056,1.0508547873237735,1,2
1057,1.9583725634928275,1,3
1058,7.766841083001387,1,10
1059,8.561483518865963,1,10
1060,8.154705878675614,1,10
1061,22.348237867755884,0,30
1062,13.777166285757982,1,19
1063,13.142336908949845,1,18
1064,11.54977011333042,1,14
1065,17.99757465423146,1,21
1066,2.7572907203812167,1,4
1067,4.0056818181818175,1,6
1068,4.53516180145762,1,7
1069,7.59863864264512,1,10
1070,9.164043314501088,1,11
1071,15.283366467645942,1,18
1072,3.518108655331209,1,5
1073,12.205019690308285,1,15
1074,6.554593038586743,1,8
1075,17.947666981591027,1,19
1076,1.7649228101313175,1,3
1077,7.721598527410837,1,9
1078,1.9229140799234825,1,3
1079,4.407052644320497,1,7
1080,7.64249451189018,1,9
1081,10.080016425234891,1,12
1082,8.192358828329473,1,9
1083,9.582069737355956,1,14
1084,13.999438652163954,1,17
1085,3.9981632030896073,1,6
1086,17.2032102132924,1,20
1087,2.7944241911358283,1,4
1088,2.9573710298187494,1,4
1089,4.648011930777827,1,6
1090,3.9572014196905787,1,5
1091,1.9583725634928275,1,3
1092,3.7210863847161644,1,5
1093,4.957177290232426,1,6
1094,5.955334150310479,1,7
1095,7.794510523804666,1,10
1096,5.358549981675093,1,7
1097,0.9660165442504834,1,2
1098,6.787136924206727,1,8
1099,3.75812300647113,1,5
1100,9.754217879004312,1,11
1101,8.847867572237352,1,13
1102,9.365229872892627,1,12
1103,3.119980380992189,1,4
1104,3.9550942616836293,1,5
1105,19.120532330327105,1,20
1106,6.959012388268193,1,8
1107,1.5974290027069835,1,3
1108,7.517828955047148,1,10
1109,5.959013234599721,1,7
1110,8.756077573560692,1,10
1111,4.356943861490625,1,6
1112,21.732658622994084,0,30
1113,7.9531940306798425,1,9
1114,5.6035111185756765,1,8
1115,3.555800892602484,1,5
1116,2.3967428722363344,1,4
1117,13.889150615889548,1,18
1118,5.957366970695754,1,8
1119,4.853392437387506,1,6
1120,4.957177290232426,1,6
1121,1.5982070401394535,1,3
1122,24.886921836458953,0,30
1123,1.1985551664893401,1,2
1124,1.5982070401394535,1,3
1125,15.155003677951983,1,17
1126,1.1211282096181674,1,2
1127,1.6000542239715385,1,3
1128,5.766153850523302,1,8
1129,1.1962425239963657,1,2
1130,9.75662751044795,1,11
1131,12.276773504861604,1,15
1132,5.9623697420399395,1,8
1133,6.555364962825173,1,8
1134,11.160643901320121,1,13
1135,13.995875712236447,1,16
1136,11.169365046229837,1,13
1137,3.9553723585150364,1,5
1138,8.877626812987211,1,11
1139,7.951348553011641,1,9
1140,9.756893143418417,1,12
1141,3.052207256003074,1,5
1142,11.367069798735331,1,14
1143,9.754923638233242,1,12
1144,2.396747833339994,1,4
1145,7.194710826494056,1,10
1146,3.996003266136972,1,6
1147,0.9660165442504834,1,2
1148,1.9583725634928275,1,3
1149,16.779815960056872,1,19
1150,3.204545454545454,1,5
1151,9.273765163560853,1,10
1152,16.1315130849744,1,19
1153,20.807701156146727,1,23
1154,7.354915089065883,1,9
1155,11.352528002755179,1,13
1156,14.239413543524849,1,18
1157,2.9573710298187494,1,4
1158,1.9583725634928275,1,3
1159,9.75954615675327,1,12
1160,9.270060546372944,1,10
1161,3.7593386857253077,1,5
1162,1.9583725634928275,1,3
1163,4.756095729915731,1,6
1164,4.9555809677240585,1,6
1165,10.948452699181235,1,12
1166,5.596390629131006,1,8
1167,16.724587513146318,1,20
1168,2.396747833339994,1,4
1169,12.718546264990058,1,15
1170,12.950296154259938,1,14
1171,16.352362380008046,1,18
1172,18.970268401921803,1,23
1173,1.7649228101313175,1,3
1174,2.3985653663433473,1,4
1175,7.786509541430775,1,10
1176,5.553797203462549,1,7
1177,7.559055844894953,1,9
1178,17.865048176472378,1,24
1179,7.399135378477693,1,9
1180,2.477147172695015,1,4
1181,17.162653661364196,1,19
1182,5.595439009101759,1,7
1183,1.9583725634928275,1,3
1184,4.5633184722811855,1,7
1185,3.9981632030896073,1,6
1186,8.684038247261018,1,11
1187,8.557209344455792,1,10
1188,7.7457086886978495,1,11
1189,6.7888457510675835,1,8
1190,1.6000542239715385,1,3
1191,3.9553723585150364,1,5
1192,1.1211282096181674,1,2
1193,6.5545846620018064,1,8
1194,17.94767028945981,1,19
1195,4.9597720459881165,1,7
1196,18.9426204236364,1,20
1197,2.957376534134098,1,4
1198,15.272445038495047,1,19
1199,5.95532657664769,1,7
1200,7.967035964195799,1,10
1201,1.9602091714909529,1,3
1202,14.652074879440645,1,19
1203,2.7591154181621453,1,4
1204,15.193048972396243,1,18
1205,2.9573710298187494,1,4
1206,13.054113223931976,1,14
1207,24.575713229133072,0,30
1208,20.94237242895516,1,27
1209,4.356919075579348,1,6
1210,4.963198324667324,1,7
1211,6.006120175301394,1,9
1212,4.754290537047201,1,6
1213,1.602272727272727,1,3
1214,2.3985653663433473,1,4
1215,15.543715198104318,1,17
1216,1.6000371704030871,1,3
1217,6.952672443852906,1,9
1218,14.75908741977561,1,19
1219,2.396747833339994,1,4
1220,1.9951649624420724,1,3
1221,12.502795069969078,1,17
1222,6.395282494544165,1,9
1223,17.550622368959843,1,19
1224,23.275223756967243,1,27
1225,5.767971414310588,1,8
1226,12.99326885870492,1,16
1227,1.5974290027069835,1,3
1228,11.756183930829602,1,13
1229,9.36749836923179,1,13
1230,9.833044753618186,1,13
1231,1.1962425239963657,1,2
1232,4.965408184579033,1,7
1233,3.1974956936453833,1,5
1234,7.959180849116443,1,10
1235,1.8497902778011344,1,3
1236,26.468692871357447,0,30
1237,15.342027193213482,1,17
1238,3.9572063683176055,1,5
1239,4.989052912114517,1,6
1240,2.3993286500746023,1,4
1241,4.798681466366139,1,7
1242,3.1952257573120324,1,5
1243,12.180059575168656,1,14
1244,1.5982070401394535,1,3
1245,14.62317986414126,1,21
1246,5.756074542195557,1,7
1247,7.19346101508574,1,10
1248,10.113890074388827,1,11
1249,2.6014994876461497,1,4
1250,2.7591154181621453,1,4
1251,3.198220625603033,1,5
1252,7.561434707455315,1,10
1253,2.4543065753457785,1,4
1254,4.0012277930894165,1,6
1255,4.355822492787422,1,6
1256,4.967234475882687,1,7
1257,2.5642135175608773,1,4
1258,9.350466893018114,1,11
1259,3.996402624201195,1,6
1260,19.85505279153687,1,26
1261,3.3645623234014965,1,5
1262,9.358347382467908,1,11
1263,1.7671529078868469,1,3
1264,5.955301344982779,1,7
1265,6.969859352429386,1,10
1266,1.7649228101313175,1,3
1267,7.448660111151097,1,10
1268,4.786495843418729,1,6
1269,12.556580390884442,1,15
1270,8.787018296406236,1,10
1271,7.189021583944845,1,9
1272,7.962493343561433,1,10
1273,5.95717232116616,1,7
1274,12.402348184271714,1,14
1275,10.351476663433397,1,12
1276,5.1979280777523105,1,7
1277,13.326952802788437,1,16
1278,14.717894641626255,1,16
1279,5.953475297931605,1,7
1280,3.9981632030896073,1,6
1281,4.78069841767532,1,6
1282,20.719617452792495,1,24
1283,5.959600811755541,1,8
1284,7.158797241964244,1,9
1285,17.35855519653918,1,23
1286,4.364794163078118,1,6
1287,2.4532055819863485,1,4
1288,8.061384429691918,1,12
1289,1.5974290027069835,1,3
1290,2.396747833339994,1,4
1291,14.351185676064794,1,16
1292,3.1960600830006847,1,5
1293,4.794014987032124,1,6
1294,13.95337793596695,1,16
1295,11.55846349483815,1,14
1296,22.77509642784016,1,30
1297,13.75993884632484,1,19
1298,1.5982070401394535,1,3
1299,6.782859313897917,1,8
1300,13.886655882817227,1,19
1301,1.5982070401394535,1,3
1302,2.401190587607902,1,4
1303,13.847274758376173,1,16
1304,15.887243860521204,1,21
1305,10.951870636847904,1,12
1306,6.20042494049453,1,8
1307,14.003626961820506,1,16
1308,3.9572063683176055,1,5
1309,9.95529951688364,1,11
1310,4.987566384573997,1,6
1311,13.919255446767743,1,15
1312,25.258937844128244,1,26
1313,4.9698069121913475,1,7
1314,17.37263427340799,1,21
1315,4.959018187143877,1,6
1316,4.957172438484455,1,6
1317,14.176396953026643,1,20
1318,9.993843186929443,1,12
1319,11.361746710065336,1,13
1320,8.68137856599123,1,12
1321,7.654537543127302,1,9
1322,21.842391775173237,1,26
1323,18.554481003810878,1,21
1324,11.039424559386735,1,13
1325,0.9660165442504834,1,2
1326,5.656614419330355,1,8
1327,14.447547092493549,1,18
1328,15.960617400026772,1,18
1329,13.113901938717222,1,14
1330,3.8932734875252493,1,6
1331,13.95003513422312,1,15
1332,3.996729902004331,1,6
1333,5.04721824493342,1,6
1334,21.675070279815667,1,25
1335,2.9557893636642034,1,4
1336,12.205420930467202,1,14
1337,5.957167485940297,1,7
1338,5.191745835824792,1,7
1339,9.553512535829503,1,11
1340,6.939006488088338,1,10
1341,3.996347521642615,1,6
1342,4.164225476783389,1,6
1343,10.56042776551666,1,12
1344,6.790167778958246,1,8
1345,2.3967428722363344,1,4
1346,6.273765338139001,1,7
1347,4.957168006567855,1,6
1348,6.117867587559409,1,7
1349,1.9602091714909529,1,3
1350,6.967616935572054,1,9
1351,8.044137599050284,1,11
1352,2.9972503332957765,1,4
1353,8.515723116744983,1,10
1354,23.15910889997027,1,26
1355,7.400985517689843,1,9
1356,14.954349631926933,1,17
1357,16.440945373270136,1,19
1358,4.757953414991336,1,6
1359,9.957161909584332,1,11
1360,16.75872872404496,1,20
1361,10.951877962953231,1,12
1362,24.123406189316317,0,30
1363,7.758299759988141,1,9
1364,14.79594892388049,1,17
1365,7.95461280902772,1,10
1366,15.256760172227022,1,22
1367,3.9556185106781476,1,5
1368,22.401266925920076,1,26
1369,14.752640089835948,1,16
1370,19.288724283568914,1,25
1371,12.7525118293657,1,14
1372,15.00356177589591,1,17
1373,18.944570911099568,1,25
1374,4.953234077885764,1,6
1375,14.544860971090898,1,19
1376,5.156237788968957,1,7
1377,7.686302785328502,1,10
1378,1.5982070401394535,1,3
1379,1.5982070401394535,1,3
1380,10.953482555534785,1,12
1381,16.35649049403683,1,18
1382,9.556999858089675,1,11
1383,10.786456990693512,1,15
1384,13.647511440060162,1,16
1385,22.404903630063124,1,29
1386,22.15366215856188,1,24
1387,3.3927447264600694,1,5
1388,5.162918018038281,1,7
1389,1.602272727272727,1,3
1390,7.9590122436400925,1,9
1391,18.085588097709387,1,21
1392,2.957376534134098,1,4
1393,12.19580282881102,1,13
1394,3.9590471683324666,1,5
1395,3.9572063683176055,1,5
1396,21.95393731643628,1,24
1397,9.95505781349442,1,11
1398,15.677660077579311,1,18
1399,5.987640677644669,1,7
1400,18.495312007303752,1,23
1401,24.155839544143568,1,29
1402,11.36960807414238,1,15
1403,2.7943365791981405,1,4
1404,5.955050068325345,1,7
1405,10.765831416417901,1,13
1406,2.0506338913801305,1,3
1407,10.503325040905462,1,15
1408,10.748679301751189,1,12
1409,22.96125901390521,1,25
1410,3.204545454545454,1,5
1411,20.446274761497023,1,25
1412,10.756183946566383,1,12
1413,14.205176874382996,1,17
1414,26.372328410687732,0,30
1415,7.955583374486401,1,9
1416,11.736571393004166,1,17
1417,8.557581854784875,1,10
1418,3.7252352582192905,1,6
1419,14.730430479125706,1,18
1420,1.0508547873237735,1,2
1421,7.557861228796111,1,9
1422,24.209120513503713,1,26
1423,23.991708623551396,0,30
1424,6.052248385570496,1,7
1425,24.00112791339066,0,30
1426,11.005675844894155,1,13
1427,4.047220357527827,1,5
1428,12.955311188044535,1,14
1429,23.835885929243467,1,26
1430,7.95986564017861,1,10
1431,7.203561054054515,1,10
1432,4.561489487084988,1,6
1433,19.620216908670297,1,26
1434,14.332418973347309,1,19
1435,5.754222259989912,1,7
1436,17.892880991504107,1,21
1437,10.964019297240544,1,13
1438,9.272534209873667,1,11
1439,26.131855635227144,0,30
1440,17.36178629647361,1,20
1441,6.360615459226697,1,8
1442,24.707165430949644,0,30
1443,27.47627078050499,0,30
1444,16.55009815645761,1,22
1445,22.32157452866899,1,25
1446,6.752652984657667,1,8
1447,1.9602091714909529,1,3
1448,9.760148722965772,1,11
1449,10.555581917764894,1,12
1450,27.585603097642917,1,29
1451,21.008489410931404,1,25
1452,4.953729687163648,1,6
1453,16.946103398517486,1,18
1454,3.996808097906597,1,6
1455,26.601311708090964,0,30
1456,23.9082742363913,0,30
1457,8.552473743380924,1,10
1458,7.386236794416414,1,11
1459,18.350979415411146,1,21
1460,11.470270778181234,1,13
1461,6.955047780005572,1,8
1462,21.207973371720833,0,30
1463,6.555620025623771,1,8
1464,2.403409090909091,1,4
1465,25.175858935532915,0,30
1466,2.395910266581573,1,4
1467,4.591239405943796,1,6
1468,8.75395386060341,1,10
1469,4.75610414980419,1,6
1470,10.758326873311649,1,13
1471,8.949505649108083,1,10
1472,1.7649228101313175,1,3
1473,21.388934654890484,1,29
1474,7.200542827182453,1,9
1475,12.7316330539856,1,17
1476,3.0744649025012425,1,4
1477,12.953448816368839,1,14
1478,28.54087049380857,0,30
1479,21.974929675182494,1,28
1480,5.959013234599721,1,7
1481,15.953208224450904,1,17
1482,3.884127993412436,1,6
1483,12.839458028911885,1,19
1484,2.398545842333599,1,4
1485,9.133176628928519,1,12
1486,10.953449319989131,1,12
1487,1.5974290027069835,1,3
1488,8.159477818158214,1,10
1489,8.601600370294234,1,11
1490,16.15022655715373,1,18
1491,7.8068498916443865,1,11
1492,11.32063513592268,1,14
1493,9.160129825770856,1,11
1494,7.603248093260708,1,9
1495,10.950551215481651,1,12
1496,7.486400447772189,1,10
1497,6.127745204447772,1,9
1498,5.959013234599721,1,7
1499,25.76450377984997,0,30
1500,8.754772563844652,1,10
